LA_name,LA_code,Total Covid deaths,Aged 4 years and under,Aged 5 to 9 years,Aged 10 to 15 years,Aged 16 to 19 years,Aged 20 to 24 years,Aged 25 to 34 years,Aged 35 to 49 years,Aged 50 to 64 years,Aged 65 to 74 years,Aged 75 to 84 years,Aged 85 years and over,Household is not deprived in any dimension,Household is deprived in one dimension,Household is deprived in two dimensions,Household is deprived in three dimensions,Household is deprived in four dimensions,1 person in household,2 people in household,3 people in household,4 people in household,5 people in household,6 people in household,7 people in household,8 or more people in household
Adur,E07000223,87,3192,3909,4493,2516,2667,6818,12567,13146,7617,5418,2204,12584,9872,4194,936,92,22768,27801,10420,8088,2553,713,209,109
Amber Valley,E07000032,306,6074,6715,8358,4726,6050,14744,22845,28217,15653,9544,3279,27520,18893,7864,1926,75,16048,19882,9122,6489,2122,612,145,88
Arun,E07000224,320,7254,8232,9852,6094,7410,17737,27041,34391,23283,16537,7065,33371,26510,10515,2074,193,13861,18895,9068,7794,2670,886,275,133
Ashfield,E07000170,378,6778,7703,8976,5136,6452,16483,23508,26385,13320,8724,2840,23517,18722,9613,2532,123,11382,16109,5902,4861,1439,382,98,30
Ashford,E07000105,347,7608,8315,10055,5811,6472,16808,24989,26694,13892,8909,3199,26784,18085,7081,1528,105,17503,16630,13943,13273,7147,3134,1296,976
Babergh,E07000200,204,3971,4751,6239,3697,4010,9066,15603,20459,12785,8578,3173,20575,13976,4678,933,37,41658,42347,26841,22637,9113,3563,1542,1216
Barking and Dagenham,E09000002,513,17251,18331,21545,11810,13240,33271,50641,33747,10720,5819,2488,27781,27396,14090,4348,287,33289,39307,17958,12350,3775,987,256,128
Barnet,E09000003,867,24106,25252,30632,16639,22395,58216,88344,67656,29805,17803,8492,73825,49136,19877,5415,668,21474,24554,13258,11540,3810,1184,351,192
Barnsley,E08000016,717,13463,14366,16953,9653,12448,32951,44859,52285,26462,15765,5371,46238,36682,19079,5815,239,20406,27492,13085,11005,3347,925,241,144
Basildon,E07000066,555,12196,12480,14233,7987,9638,26256,37109,35780,17148,10502,4247,35257,26222,11652,3011,221,15492,19557,8094,5885,1774,452,147,57
Basingstoke and Deane,E07000084,287,10555,11550,13239,7072,9233,25647,38809,37033,17457,10693,3860,42182,24524,8202,1650,86,23077,28379,12065,11067,3378,931,246,107
Bassetlaw,E07000171,214,5967,6562,7908,4486,5729,14169,20900,26002,14080,8878,3123,24096,17652,7728,1912,73,21448,24647,12411,10569,3831,1325,439,280
Bath and North East Somerset,E06000022,265,9020,10045,12726,12694,18549,23176,33405,36271,19264,12724,5532,42870,25495,8952,1819,114,24753,28297,17616,16104,5852,1814,576,287
Bedford,E06000055,479,11163,11742,14205,8090,9997,25432,38534,35040,16718,10035,4272,38704,24497,9293,2224,232,133224,113012,63986,54503,29542,15649,7273,6267
Bexley,E09000004,579,15029,16198,19419,11133,13506,31988,50860,47448,21194,13765,5933,46238,32625,13232,2998,206,11095,15392,7214,6352,1858,469,137,62
Birmingham,E08000025,2716,75023,81270,99001,70493,93243,167438,222683,185279,79930,49029,21527,171117,146765,78859,25045,1670,17578,16675,9054,7827,4307,1983,800,543
Blaby,E07000129,208,5708,6227,7326,4135,4801,13018,19808,20832,11149,7215,2714,22832,13991,4903,823,26,24588,21375,9581,6076,2023,762,232,152
Blackburn with Darwen,E06000008,416,10056,11162,14008,8578,9451,20706,30705,27669,12883,6933,2584,24187,19982,10718,3692,188,10539,13197,5779,4050,1228,329,99,41
Blackpool,E06000009,382,7362,7905,9432,5822,7446,18071,24854,30950,15541,9961,3689,24769,22750,12785,4183,302,36521,36766,19218,15001,6336,2696,1169,1084
Bolsover,E07000033,222,4102,4492,5401,2995,4176,10664,14511,17723,8837,5558,1818,15065,12160,6318,1672,46,8089,10784,4822,3763,1393,372,124,55
Bolton,E08000001,680,18458,20434,24782,14354,16638,37809,57221,55544,28061,16867,5793,51290,40539,20373,6244,343,13465,16970,8935,7743,2258,639,162,76
Boston,E07000136,157,3646,4162,5110,2944,3611,9045,13491,14088,7637,4836,1933,12014,11351,4775,1181,83,64596,62123,30899,25836,13918,6663,3195,2638
Bracknell Forest,E06000036,157,7117,7858,9696,5456,6377,17516,27356,24354,10553,5948,2369,28327,15641,5132,1069,79,17774,23651,10603,9082,2846,747,204,77
Bradford,E08000032,1162,36096,39556,49185,29943,33135,72556,107703,95234,46496,25594,10911,90141,72227,35313,11416,770,16550,24205,9218,7048,2290,727,206,115
Braintree,E07000067,402,8453,8981,11265,6294,7535,19095,29615,32281,17401,10496,3851,32486,22192,8442,1768,96,31985,30225,20783,17500,8810,4512,2151,2649
Breckland,E07000143,295,6785,7671,9169,5212,6737,16602,24106,29895,18482,12143,4676,27457,22262,8786,1773,83,9402,10940,5285,4908,1365,327,79,36
Brent,E09000005,792,19970,19834,24870,16623,24589,59159,76164,59052,21908,12466,5183,47376,43300,21017,6328,591,42101,40770,18122,14243,4244,1380,352,190
Brentwood,E07000068,224,4280,4577,5322,3065,3635,9868,15056,15708,7765,5168,2601,17935,10172,3465,716,54,#N/A,#N/A,#N/A,#N/A,#N/A,#N/A,#N/A,#N/A
Brighton and Hove,E06000043,405,11752,13049,16934,15008,27920,41470,59089,52907,21188,12244,5546,58122,40060,17461,5195,563,16238,23360,8538,7177,1826,446,118,56
Bristol,E06000023,565,#N/A,#N/A,#N/A,#N/A,#N/A,#N/A,#N/A,#N/A,#N/A,#N/A,#N/A,#N/A,#N/A,#N/A,#N/A,#N/A,38668,43242,24235,21393,6040,1591,439,219
Broadland,E07000144,309,5937,6840,8438,5041,5533,13641,23590,28632,17403,11834,4833,29450,19966,7131,1170,42,11293,15069,6809,5932,1606,398,108,50
Bromley,E09000006,673,19491,20627,24785,13354,14676,40752,73535,64529,29853,19373,9014,74219,42434,15360,3586,228,10971,12262,7220,6461,2164,541,160,70
Bromsgrove,E07000234,247,5160,5687,7237,4119,4291,10331,18436,21185,11488,7878,3374,22586,13220,4557,868,33,14581,18254,7480,5777,1653,418,128,70
Broxbourne,E07000095,215,5945,6169,7456,4312,5192,13090,20239,19363,8815,5946,2478,18526,13972,5813,1403,136,13126,12801,6279,4463,1857,800,315,231
Broxtowe,E07000172,261,5291,6050,7060,4603,6369,14555,20232,22560,12777,8258,3189,24190,16338,6398,1384,51,24880,26584,13122,10148,3621,1356,555,429
Burnley,E07000117,290,5761,6174,7513,4233,5171,12900,17738,18259,9551,5469,1880,16305,13669,7316,2440,142,30308,30724,13462,10276,3591,1286,500,329
Bury,E08000002,519,11159,12489,15329,8754,9545,25011,37922,38195,19398,11826,4223,38309,27078,11875,3263,170,16660,17050,8400,6525,2085,775,323,655
Calderdale,E08000033,318,11317,12803,15877,9038,10125,24920,39471,43769,21958,12688,4661,43225,29923,13398,3731,199,35929,28682,12979,9162,3747,1384,516,358
Cambridge,E07000008,121,6347,6702,7860,10314,20309,29820,27657,20052,8701,5486,2428,29647,15868,5485,1390,82,12573,15861,7502,5234,1712,414,105,59
Camden,E09000007,308,10032,9873,12323,11808,20165,42543,44408,34157,13663,8099,3063,44082,29601,13535,4938,603,19046,22843,9959,7927,2746,908,260,103
Cannock Chase,E07000192,265,5566,5696,6779,3996,5245,13791,18523,21376,10664,6666,2227,19804,14699,7105,1784,65,10221,13567,6056,5188,1653,474,140,89
Canterbury,E07000106,451,6823,7748,10084,10875,15788,17078,25559,29222,17916,11639,4699,30170,22294,9079,2092,157,31171,43254,21077,18141,5197,1365,376,172
Castle Point,E07000069,365,4313,4836,6026,3644,4546,9825,15270,18530,11700,8062,2839,16388,13761,5898,1265,77,20860,26012,12097,10251,3080,1003,323,159
Central Bedfordshire,E06000056,581,17805,18521,21166,11470,13985,39158,59648,59550,29104,17540,6304,66142,38934,12938,2607,133,21153,26360,12249,11286,3280,775,198,102
Charnwood,E07000130,323,9173,9860,11838,11814,16048,22740,33330,34540,18665,11483,4487,39071,23883,8869,1885,77,18432,18513,7319,6242,1773,426,121,73
Chelmsford,E07000070,414,9881,10792,13112,7611,9107,23843,36890,35134,18437,11888,4832,41147,24302,8170,1694,90,17339,23650,11378,9456,2834,845,243,148
Cheltenham,E07000078,216,5857,6378,8166,5429,7897,16443,23213,22567,11452,7764,3667,29708,16236,5613,1260,82,53136,64854,27168,21449,6165,1522,373,190
Cherwell,E07000177,231,9355,9417,11656,6450,7913,22916,33483,31790,15085,9197,3751,35653,21456,7160,1530,95,46887,56529,25045,19291,5455,1390,375,182
Cheshire East,E06000049,909,19930,22095,27273,15308,17620,46086,74841,86393,46687,30476,12062,95796,55229,19584,4086,161,17066,17159,6878,4939,1472,387,100,58
Cheshire West and Chester,E06000050,863,17616,19847,24328,14755,19682,43703,66149,75324,40380,25639,9727,80756,49835,19598,4721,246,16841,20980,7468,6187,1946,505,134,61
Chesterfield,E07000034,207,5080,5608,6879,3841,5312,13063,18864,22540,12076,7473,2833,21488,16437,7884,2148,101,14660,18326,8190,6507,1820,451,132,47
Chichester,E07000225,288,5309,6141,7908,5244,6537,12553,20075,26669,16758,11783,5091,28937,18012,5917,1184,68,2506,1767,371,190,52,11,7,10
Chorley,E07000118,226,6062,6972,8329,4531,5339,14261,23180,24939,13396,8142,2580,26340,16325,6015,1406,46,23075,27877,12984,10970,3441,963,287,111
City of London,E09000001,11,214,160,206,185,965,2213,1815,1617,711,372,121,2937,1547,347,75,8,76862,96146,36219,28035,9232,2753,848,443
Colchester,E07000071,351,10830,11793,13752,9124,13878,26084,37899,35046,18294,11499,4517,40941,26500,9832,2292,145,12261,16288,5646,4631,1335,317,73,41
Cornwall,E06000052,504,25532,30256,37092,23382,28609,59998,96998,124298,77789,48210,18140,115522,88881,36692,8750,690,79529,84630,36310,24430,7040,2042,541,237
Cotswold,E07000079,133,4015,4617,5889,3463,3964,8576,15871,20774,12323,8084,3258,23145,12909,3852,666,25,40777,39787,22556,18458,7827,2839,1194,703
County Durham,E06000047,1349,24752,28357,34999,25731,33054,59885,91433,112514,61757,36789,12791,104412,79207,39903,10931,308,11517,13987,8280,7360,2792,1056,322,188
Coventry,E08000026,594,20444,21965,26044,21469,31586,50028,66104,57372,26050,17190,7076,60360,45659,21411,6219,491,43091,45181,27823,22312,9257,3362,1174,746
Crawley,E07000226,200,7640,8076,9209,5121,6556,18618,26595,20926,8838,4585,2331,20934,15812,6931,1708,119,17851,20858,11024,9760,2853,759,201,106
Croydon,E09000008,913,25171,24992,30158,17612,21620,59140,85735,73218,29022,16944,7106,73406,51772,21635,5581,552,16714,17262,7362,5287,1679,444,122,52
Dacorum,E07000096,311,9578,9929,11791,6216,7106,19979,32862,30658,14292,8660,4011,34197,20159,7241,1673,142,11827,14013,8413,7779,2633,706,233,92
Darlington,E06000005,244,5494,6330,7869,4545,5426,13347,20122,22629,11939,7269,2837,23775,16384,6944,1738,76,33054,33738,16423,13325,5234,1998,812,1068
Dartford,E07000107,285,8282,8268,9506,4754,5630,17783,26210,20283,8602,5223,2215,23846,14682,5787,1282,99,9890,13182,4401,3511,986,233,57,23
Derby,E06000015,707,15219,16898,20055,13273,18527,36732,51142,46725,22435,14260,6088,48185,35658,16606,4907,296,41667,47031,21951,15610,5110,1492,414,204
Derbyshire Dales,E07000035,167,2633,3304,4540,2747,2774,6129,11529,17863,10641,6810,2566,17089,10764,3770,625,36,15658,18675,7732,5619,1950,608,199,107
Doncaster,E08000017,799,16942,18122,22120,12638,16214,42041,56796,63384,32859,19540,7452,58391,46328,22336,6171,253,41709,46526,22691,17069,5961,1993,682,436
Dover,E07000108,339,5669,6493,8113,4632,5408,13423,19697,25073,15055,9406,3438,22821,17679,8002,1918,127,35662,35953,23795,21198,9717,3984,1722,1627
Dudley,E08000027,723,18176,19775,23049,14030,17011,41811,59241,64342,33822,23469,8769,60524,47358,23098,5837,256,10291,13877,5901,5140,1488,358,99,49
Ealing,E09000009,741,21515,22245,27984,17463,22626,59678,86819,64326,24982,13965,5519,61527,45652,20275,5686,518,20056,27221,8914,7329,2324,646,182,116
East Cambridgeshire,E07000009,97,4519,5271,6543,3430,3664,10170,17990,17957,9697,6077,2444,19868,12385,4128,790,30,13910,20238,8392,7348,2100,542,129,58
East Devon,E07000040,181,6491,7707,9241,5591,6190,14314,24027,32034,22249,15929,7048,33888,23621,7809,1385,85,16952,21563,10360,9683,2694,609,111,50
East Hampshire,E07000085,196,6010,6945,8960,5306,5406,12948,22894,28212,15032,9982,4046,30044,16634,5006,973,61,19800,27693,8643,5691,2023,586,214,104
East Hertfordshire,E07000242,230,8316,8931,11759,6242,6973,18462,30758,31326,14607,8944,3842,35445,19214,6201,1121,40,45678,61113,21775,17064,4743,1239,316,139
East Lindsey,E07000137,319,5635,6528,8714,4922,5924,13431,20365,33441,23355,14988,4989,25757,23906,11962,2954,175,14760,18209,8252,6446,2305,822,290,208
East Riding of Yorkshire,E07000193,748,14687,17369,22019,13163,14437,34840,57559,77647,48432,30600,11464,77704,51733,18920,3542,167,16205,15668,6398,4909,1670,511,162,87
East Staffordshire,E07000244,390,6966,7473,9072,5305,6507,16795,23575,25242,12394,7815,2875,25318,17408,6879,1594,94,15107,20845,9401,8494,2293,590,120,76
Eastbourne,E07000061,316,4718,5529,6863,4260,5224,11741,18064,20370,12318,8555,4043,19705,16400,7386,1882,236,14972,17591,9490,10074,2721,554,136,53
Eastleigh,E07000086,177,7591,8529,9991,5336,6415,17836,27131,26984,14023,8917,3693,31397,18289,6032,1150,54,31159,32259,23242,19932,8456,3194,1283,1400
Elmbridge,E07000207,266,8347,9863,11770,5601,5131,13492,31728,28005,12552,8201,4067,34389,15626,4642,876,54,14827,17990,9499,8356,2692,830,215,148
Enfield,E09000010,743,21259,22750,28793,16653,19116,44300,71281,60819,23948,14643,6424,51013,43120,20209,6012,566,7625,9961,5705,5782,1616,415,135,81
Epping Forest,E07000072,383,7921,7687,9440,5492,6840,16435,26988,27909,13727,8775,3767,27885,18102,6906,1560,104,15551,18742,8049,5803,1606,443,99,41
Epsom and Ewell,E07000208,219,4626,5323,6384,3578,3965,8793,17939,15718,7549,4944,2120,18039,9574,3057,596,55,17021,17881,7823,6378,2215,814,263,158
Erewash,E07000036,289,5493,6376,7510,4493,5744,14539,20942,24321,12489,8036,2959,24179,17054,7164,1858,79,13009,19043,7695,6693,1668,386,92,53
Exeter,E07000041,114,5884,6201,7293,10591,16349,17990,23168,21509,11178,7329,3220,26181,17439,7025,1779,130,12787,16857,6928,4979,1709,573,170,80
Fareham,E07000087,264,5158,6206,7510,4428,5243,12232,20356,25271,14062,9820,4217,26566,16065,5161,800,47,10579,14707,5620,4251,1431,438,123,67
Fenland,E07000010,207,5172,5758,6698,3932,5115,12704,18123,21556,12479,7891,3029,18370,16471,7442,1702,99,12863,14433,5201,3667,1075,246,83,38
Forest of Dean,E07000080,112,3978,4452,5528,4190,4019,9206,14071,19751,11820,7390,2601,17898,12961,5208,1101,49,30807,31231,13652,9449,2589,802,237,233
Fylde,E07000119,254,3313,3920,4892,2884,3249,8042,13418,19016,11572,7872,3202,19108,12754,4648,1030,64,15514,18965,8347,6411,1673,443,139,61
Gateshead,E08000037,446,10052,11070,13276,8028,10411,25872,36931,40732,21361,13203,5208,39877,29733,14850,4376,163,16754,18652,8986,7284,2549,812,231,139
Gedling,E07000173,290,5978,6726,8099,4456,5296,14444,22294,24680,13531,8472,3282,26151,16974,6905,1462,59,11443,13042,5385,4039,1397,405,141,70
Gloucester,E07000081,244,7459,8331,9685,6113,8486,18683,25747,25789,11662,7472,2982,27115,18696,7514,1928,154,11212,12749,7250,6607,2631,853,265,157
Gosport,E07000088,156,4241,4679,5821,3315,4250,10075,14767,17293,9361,5799,2354,16523,12813,5305,1208,73,14488,16486,6620,4492,1671,530,166,91
Gravesham,E07000109,295,6600,7155,8589,4698,5665,14148,21292,20338,9709,6215,2490,18835,14736,6385,1626,142,34048,34464,19487,15326,6348,2456,986,938
Great Yarmouth,E07000145,207,4953,5364,6712,4074,5026,11688,16883,21106,12773,8201,2963,16995,16376,8526,2471,176,14840,19409,9288,8706,2597,672,162,89
Greenwich,E09000011,480,19027,18782,21512,12589,18363,52584,68305,47680,17300,9403,3522,55022,36619,16601,5382,428,34928,32643,17123,11627,5216,2220,1043,1281
Guildford,E07000209,220,6684,7810,9802,9235,13147,17224,27423,27166,13028,8312,3815,32183,17103,5312,1074,88,17702,18910,9487,6809,2207,615,155,66
Hackney,E09000012,477,16135,15159,18384,11159,18592,63482,57714,38022,12473,5798,2230,47686,34486,16971,6333,605,29324,25940,12395,8457,3447,1074,375,232
Halton,E06000006,274,6954,7894,9682,5531,6705,16477,24861,26411,14358,7157,2445,24183,18732,9843,3088,103,10514,15394,6442,5725,1680,425,143,90
Hammersmith and Fulham,E09000013,281,9075,8824,10631,6581,16960,42789,39823,29493,10717,6079,2189,41748,25243,10555,3319,379,32293,31075,18054,13972,5509,2059,1040,1090
Harborough,E07000131,151,4719,5371,7106,4200,4344,10487,18336,21570,11429,7336,2733,23390,12472,3898,625,28,10918,11457,6940,5704,1952,588,212,86
Haringey,E09000014,474,14932,14742,18562,11580,16363,49903,63930,46516,15966,8523,3217,45524,35580,17629,5755,607,19852,23520,17121,16517,6788,3097,1250,1497
Harlow,E07000073,188,6251,6564,7413,3989,4896,14179,19577,16850,7433,4239,1943,16252,13397,6350,1669,188,9836,14388,6854,6621,1790,362,75,38
Harrow,E09000015,645,15699,16133,19750,11772,15132,38925,58062,45549,21410,13091,5680,43681,30953,12012,2763,233,13616,13844,6780,4547,1519,440,115,69
Hart,E07000089,150,5159,6268,7653,4466,4420,10915,20508,20445,9909,7000,2666,24252,11899,3264,526,23,14441,13249,5951,4419,1623,503,168,99
Hartlepool,E06000001,250,4983,5582,7088,4012,5110,11379,15945,20003,10331,5685,2216,17262,13735,7570,2278,85,15957,19947,8100,6469,2109,691,210,106
Hastings,E07000062,240,4823,5165,6305,3657,4482,11376,17068,19712,10333,5806,2279,17007,14173,7001,2076,193,26129,30782,18689,16434,6195,1986,686,377
Havant,E07000090,296,6126,6899,8316,4913,5943,14269,20666,26855,15395,10410,4415,24402,18946,8020,2020,201,#N/A,#N/A,#N/A,#N/A,#N/A,#N/A,#N/A,#N/A
Havering,E09000016,844,16491,16862,18971,11363,14106,36233,52844,49081,23993,15142,6971,47903,34966,14859,3337,212,11527,13153,7624,7178,2310,622,170,98
Herefordshire,E06000019,293,#N/A,#N/A,#N/A,#N/A,#N/A,#N/A,#N/A,#N/A,#N/A,#N/A,#N/A,#N/A,#N/A,#N/A,#N/A,#N/A,12944,15089,6159,4811,1332,334,74,29
Hertsmere,E07000098,318,6297,6848,8488,4716,5444,12913,22959,21021,9841,6327,2968,22141,14147,5171,1147,76,26635,29597,20484,18849,8247,3229,1223,965
High Peak,E07000037,238,4329,4804,6140,3465,4197,10174,16390,21595,11096,6539,2201,21222,13356,5024,1123,47,13972,19177,7837,6161,1695,424,123,58
Hillingdon,E09000017,706,19882,20469,23681,14871,19812,44450,68671,52905,22110,13156,5909,50136,38207,16448,4110,327,17535,23545,9676,8486,2365,585,109,67
Hinckley and Bosworth,E07000132,207,5686,6350,7686,4350,5035,13808,21228,24089,13777,8577,3054,25421,16657,6114,1200,53,26209,26606,19160,17182,7626,3294,1486,1400
Horsham,E07000227,225,7366,8013,10734,5932,6185,15955,27212,31934,17229,11350,4866,35372,19802,6037,1071,88,21564,28895,12189,10226,2912,793,212,88
Hounslow,E09000018,569,18221,19107,22172,12660,16756,45717,70967,48633,19469,10487,3992,45406,36270,16488,4377,420,11434,11402,5449,3728,1611,642,291,234
Huntingdonshire,E07000011,250,9660,10609,12302,6934,8505,22837,35830,37615,19816,12463,4261,41205,25319,8576,1699,82,19270,19363,9409,7452,2723,895,277,121
Hyndburn,E07000120,211,4927,5280,6397,3887,4538,11012,14987,16202,8287,5003,1716,14766,11847,6092,1985,100,22484,25005,8437,5906,2025,626,184,105
Ipswich,E07000202,319,8326,9049,10440,6421,7969,20710,28495,25224,12263,7413,3334,26895,20605,9332,2519,156,307,402,94,95,26,11,3,5
Isle of Wight,E06000046,255,5552,6863,8458,4981,5960,13918,21795,31913,21684,14019,5317,28569,23476,10070,2465,195,34795,32524,14660,9171,3245,1146,478,477
Isles of Scilly,E06000053,0,97,107,121,28,82,215,378,450,277,224,79,478,337,106,21,0,29232,19338,8247,5577,2619,1017,525,329
Islington,E09000019,325,11211,9973,11777,8815,18476,56063,46411,33540,11827,6148,2346,46657,29403,14577,5409,450,19829,26602,9971,7405,2510,783,255,109
Kensington and Chelsea,E09000020,251,6171,6364,7751,5440,12202,25142,30356,29351,11324,6815,2460,35174,20245,8121,2918,426,#N/A,#N/A,#N/A,#N/A,#N/A,#N/A,#N/A,#N/A
King's Lynn and West Norfolk,E07000146,389,7259,8366,9808,5665,7178,17739,25727,32640,20593,13897,5446,29662,24812,10524,2330,136,17716,19953,11957,11015,3482,1062,283,158
Kingston upon Hull,E06000010,611,#N/A,#N/A,#N/A,#N/A,#N/A,#N/A,#N/A,#N/A,#N/A,#N/A,#N/A,#N/A,#N/A,#N/A,#N/A,#N/A,55176,58537,26964,22256,8985,3716,1385,970
Kingston upon Thames,E09000021,305,9559,10512,12528,7508,11155,23271,39162,30045,13327,7727,3270,36639,20274,7045,1552,116,20645,20770,12369,8436,2832,758,194,69
Kirklees,E08000034,869,25144,27647,34153,21328,25844,54869,83410,84012,42461,25146,9208,82995,59593,27052,7881,469,43154,44849,22469,14991,5477,2164,824,758
Knowsley,E08000011,395,9735,9489,10996,6556,8578,22308,27644,32974,15112,7924,3207,26952,21374,12688,4856,203,19526,21376,8885,6871,2234,724,218,149
Lambeth,E09000022,521,15265,14939,18505,11914,26755,81901,69292,51826,15837,8264,3164,67366,42725,18625,5499,473,111380,113145,51679,42206,14687,5269,1844,1256
Lancaster,E07000121,285,6740,7459,9094,9167,12777,16229,24027,28091,15678,9761,3909,29026,20314,8383,2132,124,35173,32527,20944,19347,10455,4758,2118,2063
Leeds,E08000035,1535,46801,49614,57067,42912,70459,121267,157373,139693,67998,41560,17206,164958,112338,49084,14124,962,13539,16174,6478,5236,1663,427,137,34
Leicester,E06000016,810,22302,24808,30447,23506,36112,54784,74471,58637,25263,12842,5397,49397,45634,24094,7624,639,37147,38233,21153,15941,5867,2371,874,809
Lewes,E07000063,266,4541,5312,6830,4105,4139,9510,17357,21650,13395,9012,4061,20934,15304,5977,1367,106,12662,17587,7377,5810,1610,411,111,62
Lewisham,E09000023,549,19127,18172,20841,12406,18810,58434,72036,52079,16092,8964,3593,57783,39762,18556,5755,536,14137,14441,6509,4789,1665,619,216,130
Lichfield,E07000194,281,5231,5653,6957,4210,5056,12028,19046,22729,13114,9482,2933,23731,14968,5762,1109,60,76340,62338,32801,23081,8364,2854,1054,659
Lincoln,E07000138,164,5119,5394,6233,7874,13599,15605,17975,17008,8121,4838,2047,19193,14648,6678,1865,122,21068,20469,13153,11529,6476,3335,1596,1314
Liverpool,E08000012,1280,26372,26726,29962,29128,49337,75396,87489,87357,42417,23250,8659,86264,67761,38407,14386,673,18800,25050,12023,10546,3349,959,293,187
Luton,E06000032,509,15960,16731,19875,11943,15583,34371,48268,36165,14156,8606,3601,32610,28763,13520,3732,315,7418,10698,4436,3767,1143,319,75,44
Maidstone,E07000110,398,10390,10875,12381,6937,8858,23435,35006,34373,17836,11288,4399,36704,23765,8647,1937,156,10303,14028,5071,3941,1132,307,73,35
Maldon,E07000074,139,3042,3418,4322,2687,3128,6736,11005,15320,8865,5663,2022,13842,9688,3587,754,29,71577,62664,32180,24487,12817,6275,2700,2029
Malvern Hills,E07000235,130,3114,3944,5307,3332,3284,7188,12573,18498,11416,7684,3143,18380,11642,4108,731,33,14471,17313,7982,5729,1802,513,149,73
Manchester,E08000003,913,34378,36562,43040,35722,61887,100584,108897,78705,30299,15895,5974,93533,70524,36937,12983,752,30462,35753,19650,16738,6200,1875,524,256
Mansfield,E07000174,295,5960,6590,7763,4150,5506,15102,20979,23134,11622,7104,2576,20410,16642,8443,2430,105,6363,9021,3395,2710,846,180,55,29
Medway,E06000035,729,17307,18336,21372,12875,15937,38709,55597,53585,25935,14958,5160,51808,38410,16523,4326,391,20464,24679,15139,13427,5062,1809,639,510
Melton,E07000133,91,2419,2825,3563,1976,2250,5508,8960,12095,6673,3993,1489,11989,7627,2517,439,25,10238,13825,5031,4448,1468,427,119,75
Merton,E09000024,430,13532,13300,15583,8264,11167,36356,52598,37317,14983,8501,3587,44057,25596,9632,2276,168,11983,18369,6354,5408,1601,443,128,58
Mid Devon,E07000042,69,4023,4585,6038,3419,3593,8610,14494,18197,10599,6662,2628,17503,12501,4648,937,47,17421,22501,10289,9613,2682,625,134,84
Mid Suffolk,E07000203,177,4501,5193,6701,4112,4629,11192,17440,22954,14034,8687,3259,23134,15119,5145,904,41,19964,18783,9819,7078,2823,1131,420,244
Mid Sussex,E07000228,319,8315,9382,11553,6202,6373,16848,31451,30953,16105,10689,4699,36299,19835,6078,1068,69,29795,36133,20168,17498,6312,2152,668,376
Middlesbrough,E06000002,365,8928,9795,11263,6773,10171,20642,25347,26825,13670,7536,2972,25407,20394,10816,3517,128,11053,13163,5699,5208,1515,356,94,52
Milton Keynes,E06000042,501,17733,20266,24232,12736,14986,41044,65600,50876,23402,11895,4287,57966,36777,14442,3653,264,22737,31381,10944,8818,2706,725,171,83
Mole Valley,E07000210,239,4007,4677,6362,3627,3663,8237,16386,19665,10332,7175,3255,21063,11510,3688,794,86,15746,20392,8322,6267,1893,508,137,68
New Forest,E07000091,303,7235,8645,11159,6498,7056,16203,27880,39461,25696,17833,8112,39907,26596,9265,1671,127,42031,39194,18742,13929,5284,2212,805,600
Newark and Sherwood,E07000175,223,6062,6680,8246,4946,6096,14736,21857,26660,14916,9391,3364,26200,17841,7447,1743,98,16588,19527,8551,6124,1872,536,149,76
Newcastle upon Tyne,E08000021,493,15651,16704,19321,20439,36645,44637,52598,49618,24463,13836,6219,56768,40169,19418,6149,293,27038,29262,19830,17444,10555,5546,2700,3133
Newcastle-under-Lyme,E07000195,350,5793,6509,7814,6341,8580,14415,21595,25516,14123,9092,3528,24983,18223,8190,1947,80,13257,16576,6096,4968,1605,477,136,82
Newham,E09000025,745,23855,23326,27682,17766,28285,72735,82692,49531,15398,7183,2586,45399,41296,21230,7081,501,14305,17761,6755,5291,1402,350,80,43
North Devon,E07000043,55,4512,5226,6680,3925,4237,10418,16289,21867,13221,8738,3495,20705,15124,6010,1268,90,22718,24895,10966,7689,2535,693,227,103
North East Derbyshire,E07000038,272,4839,5383,6505,3798,4573,11335,17542,22696,13316,9025,2988,21613,15772,6916,1620,66,16903,19605,9021,8111,2300,592,125,70
North East Lincolnshire,E06000012,252,8455,9513,11473,6503,7970,19727,27390,33100,17605,10882,4348,30701,24150,11618,3222,135,13989,20613,7891,6138,1778,427,110,43
North Hertfordshire,E07000099,298,7467,8238,9764,5162,5837,16308,27944,26657,13292,8675,3867,31231,17898,6259,1261,83,21366,27626,11507,8456,2908,913,259,142
North Kesteven,E07000139,195,5530,6613,7915,4626,5500,13698,20940,25643,14293,9914,3403,26651,17158,6082,1062,36,16319,20337,5726,4099,1328,383,130,52
North Lincolnshire,E06000013,278,8444,9648,12120,6894,8123,20309,29947,36916,20248,12302,4723,33731,25637,11151,2565,89,29090,34811,13872,12183,3475,877,222,119
North Norfolk,E07000147,185,3664,4423,5748,3474,3883,8941,14611,23744,17794,11781,4925,21480,18213,7186,1413,82,33553,33266,14822,10971,2735,680,149,56
North Somerset,E06000024,333,10660,12251,15251,8410,9784,23125,40612,44764,26475,18043,7352,48754,31684,11454,2565,190,7642,10250,4628,3556,1084,301,89,30
North Tyneside,E08000022,431,10992,11939,14525,7997,9505,26067,41588,43449,23970,13480,5440,47576,31265,13730,3546,119,12497,17024,7367,5754,1667,490,118,55
North Warwickshire,E07000218,150,3205,3636,4295,2560,3135,7792,11557,14582,7699,4861,1713,13032,9634,3992,887,35,48149,56863,21121,15118,4219,1073,268,111
North West Leicestershire,E07000134,211,5454,5872,7214,4281,5788,12986,19966,22142,11716,7011,2276,23178,14910,5672,1161,52,25098,20646,8800,6472,2307,833,198,108
Northumberland,E06000057,700,14235,16686,20800,12287,13906,32860,54495,73747,45559,26405,9585,71280,49905,20510,5035,191,41971,37590,18696,14280,6776,3115,1284,1033
Norwich,E07000148,200,6933,7597,8632,8977,16471,23745,27618,22444,11469,6921,3119,28982,22168,10055,3052,202,16345,19618,9818,7198,2515,776,206,110
Nottingham,E06000018,636,17820,19251,22240,28260,43635,48488,57153,48815,20685,11979,5301,51881,42946,22536,7016,366,6347,7306,3760,3329,1251,415,134,75
Nuneaton and Bedworth,E07000219,274,7756,8165,9691,5420,7071,18454,25385,26658,13833,8790,2981,25493,19579,9027,2337,150,27396,28070,15256,11738,5397,2743,1261,1278
Oadby and Wigston,E07000135,161,2863,3506,4168,3541,2926,6655,10488,11303,6038,4229,2036,11109,7829,3091,549,37,16096,17088,8842,7476,3182,1310,682,563
Oldham,E08000004,628,16005,17445,21603,12719,14133,31695,46131,43742,21455,12941,4212,38130,32275,16920,5520,292,11824,12183,5508,4255,2189,1159,479,469
Oxford,E07000178,175,7137,7852,10333,14190,21992,28671,29448,23446,10087,6111,2772,28832,17781,6713,1767,146,23516,26700,14515,11619,4858,2019,769,536
Pendle,E07000122,260,5952,6553,8030,4504,5222,12025,18263,17961,9753,5466,2024,16180,13333,6450,1999,104,37338,40178,17651,13129,4290,1347,379,245
Peterborough,E06000031,316,14163,15730,18207,9836,11679,32624,46391,36455,16743,9792,4056,38082,29514,13102,3578,257,27607,27805,13930,10788,4032,1291,476,225
Plymouth,E06000026,207,13205,15124,17742,13212,21172,36334,48720,50215,26060,16427,6482,52100,38898,18228,5049,282,19400,18312,9564,7401,3127,1195,366,244
Portsmouth,E06000044,355,11280,12128,13776,12372,20042,31325,39621,36670,16549,10019,4220,40658,28802,12890,3524,281,19262,21183,11577,9585,3685,1426,584,381
Preston,E07000123,311,8919,9241,11004,8001,12599,21744,28067,26454,11884,6983,2939,27785,20032,8931,2700,159,23886,24386,18837,19096,9526,4295,1955,1732
Reading,E06000038,267,10238,10486,12140,9093,14690,30212,38727,27668,11148,6938,2895,34684,21772,8682,2350,195,20663,21884,9591,6554,2136,590,143,77
Redbridge,E09000026,816,21194,21733,25315,15425,18967,46639,72127,50929,20909,11802,5220,47994,36254,15319,3869,277,10102,12798,6307,4817,1647,488,141,78
Redcar and Cleveland,E06000003,315,6814,7874,9501,5616,6575,15370,22806,30231,17172,10820,3757,27192,21064,10307,2969,106,15797,19597,10617,9950,2869,732,183,104
Redditch,E07000236,172,4992,5401,6393,3606,4487,12156,17433,16412,9488,5047,1619,17057,12511,5375,1338,97,7807,10220,4238,3273,905,204,64,36
Reigate and Banstead,E07000211,399,9042,10020,11650,5893,6539,18883,32716,29388,13874,8677,4170,34148,18454,5919,1230,98,23871,25216,13861,12962,3615,841,228,111
Ribble Valley,E07000124,145,2633,3045,4421,2507,2714,6136,10549,14701,7807,5117,1928,15673,8156,2455,436,27,27641,27854,14951,11210,5003,2146,849,569
Richmond upon Thames,E09000027,295,11103,12813,15531,7849,8229,22049,46948,39309,17084,10222,4141,49261,22644,6992,1678,130,9360,12823,5855,5470,1556,363,99,33
Rochdale,E08000005,600,14642,15475,18712,10473,12201,29992,43427,41986,21187,11574,4106,38481,30724,15621,5084,313,9708,10398,4922,3737,1221,367,136,73
Rochford,E07000075,268,4258,4614,6078,3516,4197,9143,15490,18369,10294,6949,2759,17569,12393,4779,765,51,13713,16801,5463,4069,1371,467,141,76
Rossendale,E07000125,166,3780,4360,5431,2942,3247,8707,13471,15277,7884,4254,1523,14666,10071,4496,1270,58,34225,40346,18652,13936,4593,1387,471,315
Rother,E07000064,349,3732,4229,5660,3398,3752,8046,13231,20872,15187,10503,4501,19251,15475,6112,1192,72,12774,16643,8006,6708,2044,548,179,111
Rotherham,E08000018,745,14645,15980,19609,11403,14097,34428,48940,54477,28241,17862,6124,49653,38666,19862,5520,224,9939,11461,5859,5188,1678,501,146,67
Rugby,E07000220,173,6368,7112,8696,4733,5570,15595,23518,21965,10535,7510,2764,25096,15539,5231,1106,44,13822,18574,7795,7172,1911,432,123,53
Runnymede,E07000212,155,4781,4788,5794,5620,7443,10631,17378,16487,7582,5109,2472,18603,11306,4106,773,50,10502,12618,7036,5974,2045,757,250,118
Rushcliffe,E07000176,203,5850,6862,8642,5076,6309,12911,23123,24564,13317,8688,3736,29124,15231,4752,754,21,4786,6814,2344,1994,583,126,36,11
Rushmoor,E07000092,219,6196,6094,6595,4034,5593,16398,21143,18575,8273,5112,1745,20081,12889,5038,1212,84,39141,37670,18097,12359,4608,1794,664,785
Rutland,E06000017,65,1644,1972,3136,2165,1849,4320,7009,8569,5331,3599,1456,9675,5284,1529,198,8,38042,36353,21854,18634,8688,3828,1556,1291
Salford,E08000006,619,17258,16713,19030,12523,22659,50876,51795,43151,19652,11892,4378,53457,37170,18229,5963,297,41520,40852,19654,14538,4632,1297,334,249
Sandwell,E08000028,963,22176,24566,29062,17296,20373,47432,70068,61158,26514,16827,6363,49388,46056,26244,8161,395,12990,16893,8198,7760,2396,562,130,82
Sefton,E08000014,781,13508,15071,18264,11061,13499,32375,49083,61604,33385,22027,9354,55668,41850,19817,5463,275,75759,77636,34992,27650,10083,3605,1306,919
Sevenoaks,E07000111,275,6724,7586,9601,4996,4964,12375,23382,24959,13343,8760,3826,26797,15559,5399,1193,65,15728,17799,6863,5199,1821,629,195,105
Sheffield,E08000019,1204,30178,32016,38076,31428,50872,79401,99412,100315,49414,32630,12777,105238,78863,36628,10582,639,41428,54661,20205,16078,4835,1396,505,471
Folkestone and Hythe,E07000112,364,5112,5787,7306,4100,5246,12030,18806,23940,14691,9263,3473,21473,17142,7645,1919,159,11948,11950,9848,9564,4666,2369,1011,1067
Shropshire,E06000051,539,14422,16249,20689,13474,15125,34824,53927,72810,42768,28497,10823,70872,47508,17359,3697,143,25852,29628,14787,13210,4263,1182,369,193
Slough,E06000039,313,11774,12690,15104,7638,8949,23509,39331,24184,8940,4471,1908,22184,19176,8603,2293,168,17574,24328,10870,10359,2995,665,132,73
Solihull,E08000029,550,11694,13771,16274,9134,10755,25006,39960,44042,23014,15883,6703,45378,28916,12109,2915,165,12249,17057,7552,5969,1764,462,137,50
South Cambridgeshire,E07000012,182,8772,10382,12604,6721,6290,18425,34822,32297,16587,10813,4403,39133,20695,6077,1055,36,30747,42563,19821,17980,5059,1360,382,189
South Derbyshire,E07000039,238,5762,6445,8047,4351,5201,14049,20918,22494,11259,6430,2247,24546,14303,5298,1057,35,11621,15975,5492,4368,1369,361,90,61
South Gloucestershire,E06000025,390,16119,17128,19812,13115,18098,39885,55813,56261,27565,19089,7538,63701,38638,13163,2454,145,11051,16115,6469,4747,1616,484,139,81
South Hams,E07000044,45,3529,4441,5689,3331,3340,8013,14160,21044,13500,8279,3302,20843,13180,4431,830,51,18226,24516,9546,7587,2200,571,138,66
South Holland,E07000140,177,4733,5141,6250,3490,4548,11083,16911,20269,11844,7778,3072,17927,15205,6323,1193,55,16990,24606,9127,7793,2106,546,143,70
South Kesteven,E07000141,271,6752,8131,10509,5712,6110,15572,26103,31396,17697,11255,4163,32490,21181,7674,1445,60,16105,22830,10037,9007,2639,640,165,74
South Norfolk,E07000149,217,6989,8107,9632,5346,5977,15473,26052,29861,17885,11925,4701,31718,21228,7114,1261,61,14496,17855,7965,6012,1684,413,113,50
South Oxfordshire,E07000179,204,7980,8789,10825,5907,6453,17633,29659,31255,15506,10805,4268,36075,19008,5413,956,45,12558,17896,7497,5910,1664,425,115,56
South Ribble,E07000126,225,5501,6347,7688,4462,5193,13232,20704,23883,13058,8071,2903,25461,16043,5871,1158,55,24550,22878,11001,7092,2023,538,138,69
South Staffordshire,E07000196,251,4923,5510,6669,4144,5431,12060,18861,25132,14191,10071,3482,23193,15515,6174,1204,35,33711,32884,15636,12333,4934,1822,593,378
South Tyneside,E08000023,448,7823,8468,10193,5919,7287,18527,26588,32134,17149,9855,3834,29586,23302,11971,3323,105,26102,25371,12385,9857,3242,945,284,155
Southampton,E06000045,342,13794,14455,16304,14282,26140,40881,49344,39467,18608,11066,4571,46401,35075,15830,4573,412,43348,42744,21078,14423,5619,2133,739,734
Southend-on-Sea,E06000033,607,10242,10899,13135,7201,9357,23158,36681,35451,18022,11560,4979,35711,27058,11979,3277,319,11665,13315,7490,6538,1956,560,179,102
Southwark,E09000028,419,16362,15892,19246,13175,25478,73224,68305,50273,15068,7625,2993,63507,41817,19018,6066,410,15527,18943,9958,10556,3040,683,190,93
Spelthorne,E07000213,204,6010,6376,7208,3993,4921,13458,21957,20440,9276,6488,2826,21283,14028,5260,1145,89,25561,28261,13961,9445,2798,716,188,81
St Albans,E07000240,320,8659,10327,13090,6250,5943,16101,33141,29164,12995,8540,3963,35772,17068,5007,1084,59,17754,23322,9227,7128,1946,470,135,65
St. Helens,E08000013,503,9659,10346,12674,7341,9369,23780,34230,38209,20498,12758,4381,35793,27070,13852,4161,137,12536,16629,6332,4873,1490,345,100,46
Stafford,E07000197,320,6718,7407,9126,4971,6331,16362,25093,29410,16335,11168,3949,31816,19638,7075,1440,79,10568,11475,6468,5300,1841,624,157,79
Staffordshire Moorlands,E07000198,268,4073,4790,6128,3791,4120,9596,15990,22241,13333,8753,3036,20892,14469,5822,1149,23,39439,42565,20627,16999,5049,1328,399,239
Stevenage,E07000243,153,5618,5924,6717,3721,4792,13536,18237,17408,7211,4368,1969,17418,12285,5349,1332,125,25980,28734,13771,10297,3311,1013,407,243
Stockport,E08000007,654,16575,18057,21214,11476,13369,37001,59088,58721,30950,20063,8262,64926,40720,16441,4294,267,36179,36854,17327,12078,5033,1783,715,429
Stockton-on-Tees,E06000004,438,10733,12429,15423,8215,9689,25053,37193,40676,21045,11826,4312,40497,27187,12617,3324,132,17306,23415,9057,7099,1922,471,127,67
Stoke-on-Trent,E06000021,716,15625,16989,19856,12091,16947,36225,48703,47674,24255,14678,5332,45368,38581,20120,6068,263,15257,19795,7870,6814,1956,513,116,57
Stratford-on-Avon,E07000221,270,6245,6944,8897,4972,5403,14166,23889,30295,17223,12041,4652,33604,18900,5822,1108,30,40368,42256,20562,13589,3809,1062,342,194
Stroud,E07000082,173,5643,6659,8607,4934,5015,12610,22052,27353,15154,9326,3750,28891,16912,5425,1093,57,9067,12523,6175,5919,1662,464,141,57
Sunderland,E08000024,775,13848,15239,19013,11665,15142,35067,49541,58391,31594,17929,6737,50665,42435,22163,6645,269,22197,24218,15236,14150,4648,1359,354,189
Surrey Heath,E07000214,228,4478,5346,6845,3783,4232,10340,18457,19163,8996,6088,2732,20857,11192,3293,626,40,15957,21206,10223,8451,3029,1057,379,193
Sutton,E09000029,455,12796,14252,16936,8774,9944,27200,49038,38959,16969,10206,4566,41892,27257,10463,2549,187,27219,31933,16144,13822,4530,1375,483,357
Swale,E07000113,401,8896,9437,11345,6383,7962,19894,28614,30235,15976,9675,3261,26811,21299,9541,2675,168,32374,32399,16536,11845,4169,1370,488,346
Swindon,E06000030,317,13627,15156,17477,9570,12028,32637,49950,45897,20394,11856,4822,47251,32397,12869,3167,178,8787,11893,5878,4379,1395,391,116,57
Tameside,E08000008,641,13664,14701,17569,9755,11907,31518,44780,46660,22806,13302,4401,42979,34038,17056,5142,312,9702,12155,6020,5551,1616,416,109,54
Tamworth,E07000199,193,4442,4667,5748,3360,4204,10733,14989,15591,8570,4826,1516,15032,11381,5225,1216,40,18406,23537,8351,6722,2012,573,157,79
Tandridge,E07000215,210,4973,5287,6786,3743,3949,8997,17196,18602,9370,6194,2781,19938,11272,3602,760,50,21205,27059,13055,9695,3620,1232,410,234
Teignbridge,E07000045,105,5905,6891,8545,4923,5588,13642,22428,30446,19190,12291,4956,29571,20916,7761,1483,107,23073,25249,8867,6644,2406,823,277,114
Telford and Wrekin,E06000020,242,10562,11869,14436,8599,10971,24526,35391,36465,18309,10823,3572,35190,25928,12129,3138,125,14464,20828,8947,7540,2145,575,136,68
Tendring,E07000076,576,6690,7527,9184,5461,6767,14796,22021,31972,22398,15467,6004,25858,25422,12755,3171,244,11551,15605,6296,5508,1452,365,105,49
Test Valley,E07000093,221,6941,7801,8997,4957,5702,15594,25285,27540,14443,9487,3741,30460,17505,5573,1116,53,20839,21791,9244,6716,2430,806,233,141
Tewkesbury,E07000083,176,5314,5753,6464,3546,4107,11447,17624,19522,11018,7349,2744,22543,13270,4277,797,44,9697,11231,6635,6593,1967,509,143,85
Thanet,E07000114,448,7334,7967,9869,5576,6744,16284,24823,28733,17754,11236,4265,25596,22482,10956,2910,256,16180,19262,12854,11472,4529,1441,411,227
Three Rivers,E07000102,229,5120,5973,7676,4120,4418,10290,20121,19090,8892,5554,2520,20394,11586,3985,814,81,13698,18695,9279,8511,2568,599,153,73
Thurrock,E06000034,447,12261,12664,14712,8147,9529,25896,37972,30962,13533,7485,2836,30305,23194,10204,2500,174,21883,22917,8508,6310,2235,714,245,182
Tonbridge and Malling,E07000115,244,7678,8533,10462,5804,5833,15191,26452,26938,13173,8772,3360,28883,17151,6164,1314,63,9330,12392,4058,3100,1066,364,97,53
Torbay,E06000027,149,6059,7312,8921,5302,6214,14740,22738,30850,19226,12688,5274,26537,22606,10615,2984,252,38531,37437,17229,12514,7442,4036,1747,1603
Torridge,E07000046,44,2803,3493,4259,2465,2779,6508,10462,16028,10498,6404,2423,14051,10950,4491,907,60,28369,30169,16038,14824,4766,1448,410,245
Tower Hamlets,E09000030,500,19090,17658,20675,15085,31988,85181,69956,33199,10379,5024,2068,55936,38337,18685,7054,527,14198,16415,7762,7104,2089,482,106,66
Trafford,E08000009,471,13466,16009,19426,10215,10531,27470,51209,45440,21491,13967,5839,51885,29699,11666,2883,136,9228,13236,6259,5900,1795,418,93,29
Tunbridge Wells,E07000116,209,6167,7096,9646,4996,4831,12842,23536,23825,11330,7646,3396,26644,14989,5298,1188,104,15437,21323,9425,8098,2408,590,152,65
Uttlesford,E07000077,129,5026,5714,7079,3835,3914,9555,18037,19750,9804,6063,2563,21451,11364,3506,611,25,46419,54854,25346,18419,5567,1633,540,297
Vale of White Horse,E07000180,187,7799,8367,10320,5669,6250,17887,27745,27408,14232,9309,3924,33434,17813,5252,950,49,32129,34801,18679,15479,6831,2730,958,619
Wakefield,E08000036,802,20074,20994,24764,13933,18001,48974,67143,72882,36927,22110,7573,68485,51797,25294,7240,260,26696,29957,18668,15319,6585,2968,1329,1379
Walsall,E08000030,880,18194,19549,23282,13578,16160,37615,53679,52608,25406,17342,6717,45129,39289,21212,6280,316,41132,46877,23047,17358,6119,1839,609,412
Waltham Forest,E09000031,543,18985,17441,19818,11937,15573,51078,69532,45664,15999,8963,3439,46576,34786,16559,4600,380,27364,31577,15267,11776,3401,848,204,103
Wandsworth,E09000032,447,18702,16907,18336,10424,23844,86123,74694,47138,17382,9932,4024,80186,38272,14425,4113,396,18999,21917,9921,8495,2272,683,212,120
Warrington,E06000007,514,10631,12363,15262,8684,10502,26439,42175,44756,21442,14012,4703,46997,29036,11560,2824,121,11146,11334,7106,6294,2327,871,297,252
Warwick,E07000222,242,7436,8159,9604,7732,10740,20083,28971,27701,14308,9713,4005,35954,18917,6230,1406,111,14642,18641,8096,8118,2315,462,122,52
Watford,E07000103,237,6528,6836,7919,4333,5335,16516,24625,17265,6891,4199,1797,20051,13115,5091,1264,107,18745,26958,10216,8620,2720,746,178,83
Waverley,E07000216,300,6468,7829,10300,6259,5623,11765,25496,26485,13631,9696,4679,31228,15702,4609,864,45,12928,14321,8115,7266,2403,794,212,172
Wealden,E07000065,374,7181,8465,10855,6262,6665,15393,26455,36381,21894,14735,5860,35828,23388,7707,1287,55,18008,24134,11005,9680,2807,748,207,69
Welwyn Hatfield,E07000241,246,6626,7279,8447,6713,10576,15968,23784,21641,9583,6239,2983,23806,15375,5712,1240,76,7300,10182,3325,2711,919,251,72,59
West Berkshire,E06000037,223,8310,9701,12702,7084,7356,18320,32147,34315,17053,10485,3974,37321,21058,6829,1365,85,13989,17548,7964,6352,1950,524,154,52
West Devon,E07000047,30,2196,2750,3787,2256,2117,5069,9001,13647,8614,5525,2131,12236,8733,3176,620,53,12680,17035,6078,4575,1385,418,114,60
West Lancashire,E07000127,261,5246,6022,7828,7607,8098,12369,19470,25067,13705,8931,3084,23639,16442,6818,1567,67,13206,18068,7774,6394,1934,444,109,52
West Lindsey,E07000142,161,4405,5273,6360,3618,4089,9883,15866,21675,12991,8240,2752,20854,14460,5705,1273,54,40443,28605,12069,7583,3620,1455,491,549
West Oxfordshire,E07000181,179,5720,6580,8128,4519,5323,13690,21442,24086,12689,8450,3606,27166,15276,4656,844,40,43950,49686,24370,17771,5425,1366,365,172
Westminster,E09000033,358,8502,7877,10389,8898,19329,44167,43908,36388,13645,8019,3118,47540,28839,12728,5025,683,60574,81164,33692,28205,8490,2186,535,237
Wigan,E08000010,907,17782,19247,23608,13625,17058,43689,62754,67966,35245,21945,6410,66618,46951,22904,6380,252,14333,19105,7874,7395,2271,545,146,48
Wiltshire,E06000054,773,25629,29544,36047,21602,24238,59523,93589,108635,58703,37680,15146,114886,70924,24198,4848,225,16715,20250,10329,9479,2754,865,264,279
Winchester,E07000094,190,6043,7334,9320,7636,8167,13160,23589,25619,13411,9137,4032,30153,15705,4907,894,56,49688,47215,22413,16632,5260,1411,424,209
Windsor and Maidenhead,E06000040,313,8020,9226,12575,6891,6767,17289,33075,31331,14517,9572,4232,35924,18161,5724,1071,53,11124,13518,6998,6671,2068,664,235,158
Wirral,E08000015,896,16316,18798,22974,13274,15076,37622,57349,68396,38022,23092,9280,65530,47854,22925,6645,298,16265,23529,12396,12405,3405,832,223,109
Woking,E07000217,186,6215,6745,8001,4100,4890,13721,23710,19350,8939,5586,2683,23292,12851,4289,929,76,32468,30542,17539,14599,6342,2342,836,473
Wokingham,E06000041,267,9854,12189,14640,7919,8238,20127,39667,34317,15863,10359,4326,42518,20173,5513,900,60,14157,15492,7127,5447,1689,548,168,96
Wolverhampton,E08000031,735,16325,17727,21233,12120,15793,35957,52701,48592,22607,14394,6281,42414,37053,19711,5649,314,16764,17066,7455,5837,1729,495,132,57
Worcester,E07000237,175,5279,5837,7147,5124,7439,14575,20038,20138,9865,6072,2352,22399,14795,5865,1553,108,15847,22833,8872,7097,2018,497,143,50
Worthing,E07000229,208,5448,6116,7421,4314,5193,13354,21738,22800,12469,8483,4002,23654,17226,6875,1599,183,16346,19636,7409,5245,1559,425,96,52
Wychavon,E07000238,248,6252,6929,8594,5046,5728,14467,23124,29419,17385,11325,4226,29626,19350,6922,1375,83,14377,16969,6729,5068,1546,418,145,66
Wyre,E07000128,340,4890,5577,7128,4503,4755,11331,17615,25148,15978,10867,4157,23366,17707,7793,1813,88,26640,31780,12557,10372,2960,838,195,117
Wyre Forest,E07000239,249,4807,5541,6696,3923,4668,11309,17399,21598,13496,9126,3046,20798,15760,6928,1730,106,#N/A,#N/A,#N/A,#N/A,#N/A,#N/A,#N/A,#N/A
York,E06000014,337,8615,9902,12221,13316,20354,25845,36356,37478,20265,12987,5482,46025,27910,9518,1918,88,34413,39880,14014,10896,3199,798,199,128
Cumbria,E06000063,748,#N/A,#N/A,#N/A,#N/A,#N/A,#N/A,#N/A,#N/A,#N/A,#N/A,#N/A,#N/A,#N/A,#N/A,#N/A,#N/A,84891,108052,39068,30707,8659,2221,560,223
Westmorland and Furness,E06000064,561,9557,10701,14160,8863,10228,24390,37579,52803,30972,19898,7436,53613,34569,12511,2722,114,25490,28502,11494,9288,2895,778,211,88
North Yorkshire,E06000065,1023,27741,31233,40337,25264,26260,65066,104373,141386,82188,51620,20019,146295,90469,31146,6141,330,35819,42792,14923,11923,3838,1028,296,130
West Suffolk,E07000245,180,9829,10308,11687,6935,10540,25481,33278,34531,19247,13151,4964,38855,28247,9612,1926,106,51741,68961,22917,18049,5470,1488,408,223
East Suffolk,E07000244,502,10634,12504,16202,9616,10711,24516,39605,53958,35253,23329,9727,51925,39292,15733,3578,219,56531,61650,25969,20627,6340,1877,568,279
Dorset,E06000059,540,15024,18162,24491,14985,15299,35084,58778,85480,57436,38627,16212,84472,59229,21130,4136,291,57889,74977,36693,34470,11108,3331,1107,753
"Bournemouth, Christchurch and Poole",E06000058,870,18878,21209,25199,18401,26928,50002,76362,76788,43414,29299,13712,83966,59166,24231,5889,590,46474,60072,29420,24645,8312,2506,767,445
Buckinghamshire,E06000060,1045,30890,35155,43640,23974,25646,64406,113069,112588,53900,35080,14733,125932,68311,21635,4208,242,76028,96047,36599,28566,9185,2580,728,387
West Northamptonshire,E06000062,796,23962,26379,31879,18831,24155,58136,87044,82663,40260,23630,8787,89483,57289,20930,4659,280,40715,52937,25312,20317,6749,2096,530,263
Somerset,E06000066,721,27046,30531,39029,23422,25972,63591,96744,123317,74728,47743,19427,125035,86027,31969,6762,329,#N/A,#N/A,#N/A,#N/A,#N/A,#N/A,#N/A,#N/A
North Northamptonshire,E06000061,666,20205,22459,27672,15323,17787,47231,71643,71844,36409,21327,7625,72737,50657,20356,4918,248,#N/A,#N/A,#N/A,#N/A,#N/A,#N/A,#N/A,#N/A